-- ============================================================
-- SAMPLE DATA — realistic e-commerce dataset
-- 6 months: Jan 2024 – Jun 2024
-- ~200 orders, ~6 customers per cohort month
-- ============================================================

-- ── dim_date ─────────────────────────────────────────────────
INSERT INTO dim_date VALUES
(20240101,'2024-01-01',2024,1,1,'January',1,1,'Monday',0,1),
(20240105,'2024-01-05',2024,1,1,'January',1,5,'Friday',0,0),
(20240108,'2024-01-08',2024,1,1,'January',2,1,'Monday',0,0),
(20240112,'2024-01-12',2024,1,1,'January',2,5,'Friday',0,0),
(20240115,'2024-01-15',2024,1,1,'January',3,1,'Monday',0,0),
(20240120,'2024-01-20',2024,1,1,'January',3,6,'Saturday',1,0),
(20240125,'2024-01-25',2024,1,1,'January',4,4,'Thursday',0,0),
(20240201,'2024-02-01',2024,1,2,'February',5,4,'Thursday',0,0),
(20240205,'2024-02-05',2024,1,2,'February',6,1,'Monday',0,0),
(20240210,'2024-02-10',2024,1,2,'February',6,6,'Saturday',1,0),
(20240214,'2024-02-14',2024,1,2,'February',7,3,'Wednesday',0,0),
(20240220,'2024-02-20',2024,1,2,'February',8,2,'Tuesday',0,0),
(20240225,'2024-02-25',2024,1,2,'February',8,0,'Sunday',1,0),
(20240301,'2024-03-01',2024,1,3,'March',9,5,'Friday',0,0),
(20240305,'2024-03-05',2024,1,3,'March',10,2,'Tuesday',0,0),
(20240310,'2024-03-10',2024,1,3,'March',10,0,'Sunday',1,0),
(20240315,'2024-03-15',2024,1,3,'March',11,5,'Friday',0,0),
(20240320,'2024-03-20',2024,1,3,'March',12,3,'Wednesday',0,0),
(20240325,'2024-03-25',2024,1,3,'March',13,1,'Monday',0,0),
(20240401,'2024-04-01',2024,2,4,'April',14,1,'Monday',0,0),
(20240405,'2024-04-05',2024,2,4,'April',14,5,'Friday',0,0),
(20240410,'2024-04-10',2024,2,4,'April',15,3,'Wednesday',0,0),
(20240415,'2024-04-15',2024,2,4,'April',16,1,'Monday',0,0),
(20240420,'2024-04-20',2024,2,4,'April',16,6,'Saturday',1,0),
(20240425,'2024-04-25',2024,2,4,'April',17,4,'Thursday',0,0),
(20240501,'2024-05-01',2024,2,5,'May',18,3,'Wednesday',0,0),
(20240505,'2024-05-05',2024,2,5,'May',18,0,'Sunday',1,0),
(20240510,'2024-05-10',2024,2,5,'May',19,5,'Friday',0,0),
(20240515,'2024-05-15',2024,2,5,'May',20,3,'Wednesday',0,0),
(20240520,'2024-05-20',2024,2,5,'May',21,1,'Monday',0,0),
(20240525,'2024-05-25',2024,2,5,'May',21,6,'Saturday',1,0),
(20240601,'2024-06-01',2024,2,6,'June',22,6,'Saturday',1,0),
(20240605,'2024-06-05',2024,2,6,'June',23,3,'Wednesday',0,0),
(20240610,'2024-06-10',2024,2,6,'June',24,1,'Monday',0,0),
(20240615,'2024-06-15',2024,2,6,'June',24,6,'Saturday',1,0),
(20240620,'2024-06-20',2024,2,6,'June',25,4,'Thursday',0,0),
(20240625,'2024-06-25',2024,2,6,'June',26,2,'Tuesday',0,0);

-- ── dim_channel ───────────────────────────────────────────────
INSERT INTO dim_channel VALUES
(1,'organic_search','organic'),
(2,'paid_search','paid'),
(3,'social_media','paid'),
(4,'email_campaign','owned'),
(5,'mobile_app','owned'),
(6,'referral','organic');

-- ── dim_customer (SCD2 — some customers have 2 rows) ──────────
INSERT INTO dim_customer VALUES
-- Jan cohort
(1,'C001','Alice','Morgan','alice.morgan@email.com','USA','New York','25-34','organic','2024-01-05',NULL,1),
(2,'C002','Bob','Chen','bob.chen@email.com','UK','London','35-44','paid_search','2024-01-08',NULL,1),
(3,'C003','Carol','Santos','carol.santos@email.com','USA','Chicago','25-34','social','2024-01-10',NULL,1),
(4,'C004','Dave','Patel','dave.patel@email.com','Canada','Toronto','45-54','organic','2024-01-12',NULL,1),
(5,'C005','Eve','Kim','eve.kim@email.com','USA','Los Angeles','18-24','social','2024-01-15',NULL,1),
(6,'C006','Frank','Liu','frank.liu@email.com','Australia','Sydney','35-44','referral','2024-01-20',NULL,1),
-- Feb cohort
(7,'C007','Grace','Osei','grace.osei@email.com','UK','Manchester','25-34','paid_search','2024-02-01',NULL,1),
(8,'C008','Hank','Müller','hank.muller@email.com','Germany','Berlin','35-44','organic','2024-02-05',NULL,1),
(9,'C009','Iris','Nakamura','iris.nakamura@email.com','Japan','Tokyo','25-34','social','2024-02-10',NULL,1),
(10,'C010','Jack','Williams','jack.williams@email.com','USA','Houston','45-54','email','2024-02-14',NULL,1),
(11,'C011','Kate','Brown','kate.brown@email.com','USA','Phoenix','18-24','organic','2024-02-20',NULL,1),
(12,'C012','Leo','Fernandez','leo.fernandez@email.com','Brazil','São Paulo','25-34','referral','2024-02-25',NULL,1),
-- Mar cohort
(13,'C013','Mia','Johansson','mia.johansson@email.com','Sweden','Stockholm','35-44','paid_search','2024-03-01',NULL,1),
(14,'C014','Noah','Garcia','noah.garcia@email.com','USA','San Antonio','25-34','organic','2024-03-05',NULL,1),
(15,'C015','Olivia','Park','olivia.park@email.com','South Korea','Seoul','18-24','social','2024-03-10',NULL,1),
(16,'C016','Pete','Ahmed','pete.ahmed@email.com','UAE','Dubai','45-54','paid_search','2024-03-15',NULL,1),
(17,'C017','Quinn','Russo','quinn.russo@email.com','Italy','Milan','35-44','referral','2024-03-20',NULL,1),
(18,'C018','Rosa','Dubois','rosa.dubois@email.com','France','Paris','25-34','email','2024-03-25',NULL,1),
-- Apr cohort
(19,'C019','Sam','Wilson','sam.wilson@email.com','USA','Philadelphia','35-44','organic','2024-04-01',NULL,1),
(20,'C020','Tina','Nguyen','tina.nguyen@email.com','Vietnam','Hanoi','25-34','social','2024-04-05',NULL,1),
(21,'C021','Uma','Svensson','uma.svensson@email.com','Sweden','Gothenburg','45-54','paid_search','2024-04-10',NULL,1),
(22,'C022','Victor','Costa','victor.costa@email.com','Portugal','Lisbon','35-44','referral','2024-04-15',NULL,1),
(23,'C023','Wendy','Zhang','wendy.zhang@email.com','China','Shanghai','25-34','paid_search','2024-04-20',NULL,1),
(24,'C024','Xander','Ibrahim','xander.ibrahim@email.com','Egypt','Cairo','18-24','organic','2024-04-25',NULL,1),
-- May cohort
(25,'C025','Yara','Petrov','yara.petrov@email.com','Russia','Moscow','35-44','email','2024-05-01',NULL,1),
(26,'C026','Zoe','Andersen','zoe.andersen@email.com','Denmark','Copenhagen','25-34','organic','2024-05-05',NULL,1),
(27,'C027','Aaron','Singh','aaron.singh@email.com','India','Mumbai','25-34','social','2024-05-10',NULL,1),
(28,'C028','Beth','Taylor','beth.taylor@email.com','UK','Birmingham','45-54','paid_search','2024-05-15',NULL,1),
(29,'C029','Chris','Martin','chris.martin@email.com','USA','San Diego','18-24','referral','2024-05-20',NULL,1),
(30,'C030','Diana','Kowalski','diana.kowalski@email.com','Poland','Warsaw','35-44','organic','2024-05-25',NULL,1),
-- Jun cohort
(31,'C031','Ethan','Rossi','ethan.rossi@email.com','Italy','Rome','25-34','paid_search','2024-06-01',NULL,1),
(32,'C032','Fiona','Chang','fiona.chang@email.com','Taiwan','Taipei','25-34','social','2024-06-05',NULL,1),
(33,'C033','George','Hassan','george.hassan@email.com','Morocco','Casablanca','35-44','organic','2024-06-10',NULL,1),
(34,'C034','Hannah','Lee','hannah.lee@email.com','USA','Seattle','18-24','email','2024-06-15',NULL,1),
(35,'C035','Ivan','Popescu','ivan.popescu@email.com','Romania','Bucharest','45-54','referral','2024-06-20',NULL,1),
(36,'C036','Julia','Yamamoto','julia.yamamoto@email.com','Japan','Osaka','25-34','organic','2024-06-25',NULL,1),
-- SCD Type 2 example: Alice upgraded tier (version 2)
(101,'C001','Alice','Morgan','alice.morgan@email.com','USA','New York','25-34','organic','2024-01-05','2024-04-01',0);

-- ── dim_product ───────────────────────────────────────────────
INSERT INTO dim_product VALUES
(1,'P001','MacBook Pro 14"','Electronics','Laptops','Apple',1200,1799,1),
(2,'P002','Sony WH-1000XM5','Electronics','Headphones','Sony',150,349,1),
(3,'P003','iPhone 15','Electronics','Phones','Apple',650,999,1),
(4,'P004','Samsung 4K TV 55"','Electronics','TVs','Samsung',400,799,1),
(5,'P005','Levi 501 Jeans','Clothing','Bottoms','Levi',35,89,1),
(6,'P006','Nike Air Max 270','Clothing','Shoes','Nike',75,150,1),
(7,'P007','Patagonia Fleece','Clothing','Tops','Patagonia',80,179,1),
(8,'P008','Instant Pot 7-in-1','Home','Kitchen','Instant Pot',60,99,1),
(9,'P009','Dyson V15 Vacuum','Home','Cleaning','Dyson',250,599,1),
(10,'P010','LEGO Technic Set','Toys','Building','LEGO',45,89,1),
(11,'P011','Atomic Habits','Books','Non-Fiction','Penguin',8,18,1),
(12,'P012','Yoga Mat Pro','Sports','Yoga','Manduka',40,88,1),
(13,'P013','Kindle Paperwhite','Electronics','E-Readers','Amazon',80,139,1),
(14,'P014','Air Fryer XL','Home','Kitchen','Ninja',50,109,1),
(15,'P015','Running Shoes GT','Sports','Running','Asics',70,140,1);

-- ── fact_orders ───────────────────────────────────────────────
-- Jan cohort orders (month 0 and repeat months)
INSERT INTO fact_orders VALUES
-- Jan orders (cohort month 0)
(1,'ORD-001',20240105,1,1,'completed',2,349.00,34.90,314.10,9.99,1),
(2,'ORD-002',20240108,2,2,'completed',1,1799.00,0,1799.00,0,1),
(3,'ORD-003',20240112,3,3,'completed',3,356.00,35.60,320.40,9.99,1),
(4,'ORD-004',20240115,4,1,'completed',1,99.00,0,99.00,5.99,1),
(5,'ORD-005',20240120,5,3,'completed',2,239.00,23.90,215.10,9.99,1),
(6,'ORD-006',20240125,6,6,'completed',1,18.00,0,18.00,3.99,1),
-- Jan cohort returns in Feb (month 1)
(7,'ORD-007',20240201,1,4,'completed',1,139.00,0,139.00,0,0),
(8,'ORD-008',20240205,2,2,'completed',2,438.00,43.80,394.20,0,0),
(9,'ORD-009',20240210,3,1,'completed',1,150.00,15.00,135.00,5.99,0),
(10,'ORD-010',20240214,5,3,'refunded',1,88.00,0,88.00,0,0),
-- Jan cohort returns in Mar (month 2)
(11,'ORD-011',20240301,1,4,'completed',2,207.00,20.70,186.30,0,0),
(12,'ORD-012',20240305,2,2,'completed',1,599.00,59.90,539.10,0,0),
(13,'ORD-013',20240315,3,1,'completed',3,447.00,44.70,402.30,9.99,0),
-- Jan cohort returns in Apr (month 3)
(14,'ORD-014',20240401,1,4,'completed',1,799.00,79.90,719.10,0,0),
(15,'ORD-015',20240410,2,2,'cancelled',2,698.00,0,698.00,0,0),
-- Jan cohort in May (month 4)
(16,'ORD-016',20240501,1,4,'completed',1,109.00,10.90,98.10,0,0),
(17,'ORD-017',20240510,3,1,'completed',2,280.00,28.00,252.00,9.99,0),
-- Feb cohort month 0
(18,'ORD-018',20240201,7,2,'completed',2,349.00,0,349.00,9.99,1),
(19,'ORD-019',20240205,8,1,'completed',1,999.00,99.90,899.10,0,1),
(20,'ORD-020',20240210,9,3,'completed',2,178.00,17.80,160.20,5.99,1),
(21,'ORD-021',20240214,10,4,'completed',1,89.00,0,89.00,3.99,1),
(22,'ORD-022',20240220,11,3,'completed',3,447.00,44.70,402.30,9.99,1),
(23,'ORD-023',20240225,12,6,'completed',1,150.00,0,150.00,5.99,1),
-- Feb cohort returns in Mar (month 1)
(24,'ORD-024',20240301,7,2,'completed',1,1799.00,179.90,1619.10,0,0),
(25,'ORD-025',20240310,8,1,'completed',2,178.00,0,178.00,9.99,0),
(26,'ORD-026',20240315,9,3,'completed',1,88.00,8.80,79.20,0,0),
(27,'ORD-027',20240320,10,4,'completed',2,218.00,0,218.00,0,0),
-- Feb cohort returns in Apr (month 2)
(28,'ORD-028',20240401,7,2,'completed',1,599.00,59.90,539.10,0,0),
(29,'ORD-029',20240415,8,1,'completed',2,360.00,36.00,324.00,0,0),
(30,'ORD-030',20240420,9,3,'refunded',1,150.00,0,150.00,0,0),
-- Feb cohort in May (month 3)
(31,'ORD-031',20240501,7,4,'completed',1,139.00,13.90,125.10,0,0),
(32,'ORD-032',20240515,8,1,'completed',2,397.00,0,397.00,0,0),
-- Mar cohort month 0
(33,'ORD-033',20240301,13,2,'completed',1,349.00,34.90,314.10,9.99,1),
(34,'ORD-034',20240305,14,1,'completed',2,356.00,0,356.00,9.99,1),
(35,'ORD-035',20240310,15,3,'completed',1,999.00,99.90,899.10,0,1),
(36,'ORD-036',20240315,16,2,'completed',3,537.00,53.70,483.30,9.99,1),
(37,'ORD-037',20240320,17,6,'completed',1,88.00,0,88.00,3.99,1),
(38,'ORD-038',20240325,18,4,'completed',2,198.00,19.80,178.20,0,1),
-- Mar cohort returns in Apr (month 1)
(39,'ORD-039',20240401,13,2,'completed',1,799.00,79.90,719.10,0,0),
(40,'ORD-040',20240410,14,1,'completed',2,298.00,0,298.00,9.99,0),
(41,'ORD-041',20240415,15,3,'completed',1,140.00,14.00,126.00,0,0),
(42,'ORD-042',20240420,16,2,'cancelled',2,698.00,0,698.00,0,0),
-- Mar cohort in May (month 2)
(43,'ORD-043',20240501,13,4,'completed',1,109.00,0,109.00,0,0),
(44,'ORD-044',20240510,14,1,'completed',1,140.00,14.00,126.00,0,0),
(45,'ORD-045',20240515,15,3,'completed',2,330.00,33.00,297.00,9.99,0),
-- Apr cohort month 0
(46,'ORD-046',20240401,19,1,'completed',1,1799.00,179.90,1619.10,0,1),
(47,'ORD-047',20240405,20,3,'completed',2,239.00,0,239.00,9.99,1),
(48,'ORD-048',20240410,21,2,'completed',1,349.00,34.90,314.10,9.99,1),
(49,'ORD-049',20240415,22,6,'completed',3,267.00,26.70,240.30,9.99,1),
(50,'ORD-050',20240420,23,2,'completed',2,690.00,69.00,621.00,0,1),
(51,'ORD-051',20240425,24,1,'completed',1,99.00,0,99.00,5.99,1),
-- Apr cohort returns in May (month 1)
(52,'ORD-052',20240501,19,4,'completed',1,599.00,59.90,539.10,0,0),
(53,'ORD-053',20240510,20,3,'completed',2,178.00,0,178.00,9.99,0),
(54,'ORD-054',20240515,21,2,'completed',1,799.00,79.90,719.10,0,0),
(55,'ORD-055',20240520,22,6,'completed',2,306.00,0,306.00,9.99,0),
-- Apr cohort in Jun (month 2)
(56,'ORD-056',20240601,19,4,'completed',1,139.00,13.90,125.10,0,0),
(57,'ORD-057',20240610,20,3,'completed',2,240.00,24.00,216.00,0,0),
-- May cohort month 0
(58,'ORD-058',20240501,25,4,'completed',1,89.00,0,89.00,3.99,1),
(59,'ORD-059',20240505,26,1,'completed',2,280.00,28.00,252.00,9.99,1),
(60,'ORD-060',20240510,27,3,'completed',1,150.00,15.00,135.00,5.99,1),
(61,'ORD-061',20240515,28,2,'completed',3,417.00,0,417.00,9.99,1),
(62,'ORD-062',20240520,29,6,'completed',1,18.00,0,18.00,3.99,1),
(63,'ORD-063',20240525,30,1,'refunded',2,178.00,0,178.00,9.99,1),
-- May cohort returns in Jun (month 1)
(64,'ORD-064',20240601,25,4,'completed',1,109.00,10.90,98.10,0,0),
(65,'ORD-065',20240605,26,1,'completed',2,360.00,0,360.00,0,0),
(66,'ORD-066',20240610,27,3,'completed',1,999.00,99.90,899.10,0,0),
(67,'ORD-067',20240615,28,2,'completed',2,698.00,69.80,628.20,0,0),
-- Jun cohort month 0
(68,'ORD-068',20240601,31,2,'completed',1,349.00,34.90,314.10,9.99,1),
(69,'ORD-069',20240605,32,3,'completed',2,239.00,0,239.00,9.99,1),
(70,'ORD-070',20240610,33,1,'completed',1,799.00,79.90,719.10,0,1),
(71,'ORD-071',20240615,34,4,'completed',3,327.00,32.70,294.30,9.99,1),
(72,'ORD-072',20240620,35,6,'completed',1,89.00,0,89.00,3.99,1),
(73,'ORD-073',20240625,36,1,'completed',2,338.00,33.80,304.20,9.99,1);

-- ── fact_order_items ─────────────────────────────────────────
INSERT INTO fact_order_items VALUES
(1,'ORD-001',20240105,1,2,1,349.00,10,314.10,150.00,164.10),
(2,'ORD-002',20240108,2,1,1,1799.00,0,1799.00,1200.00,599.00),
(3,'ORD-003',20240112,3,2,1,349.00,10,314.10,150.00,164.10),
(4,'ORD-003',20240112,3,8,1,99.00,0,99.00,60.00,39.00),
(5,'ORD-004',20240115,4,8,1,99.00,0,99.00,60.00,39.00),
(6,'ORD-005',20240120,5,12,1,88.00,10,79.20,40.00,39.20),
(7,'ORD-005',20240120,5,11,1,18.00,0,18.00,8.00,10.00),
(8,'ORD-006',20240125,6,11,1,18.00,0,18.00,8.00,10.00),
(9,'ORD-007',20240201,1,13,1,139.00,0,139.00,80.00,59.00),
(10,'ORD-008',20240205,2,2,2,349.00,10,628.20,300.00,328.20),
(11,'ORD-009',20240210,3,6,1,150.00,10,135.00,75.00,60.00),
(12,'ORD-010',20240214,5,12,1,88.00,0,88.00,40.00,48.00),
(13,'ORD-011',20240301,1,8,1,109.00,10,98.10,50.00,48.10),
(14,'ORD-011',20240301,1,11,1,18.00,0,18.00,8.00,10.00),
(15,'ORD-012',20240305,2,9,1,599.00,10,539.10,250.00,289.10),
(16,'ORD-013',20240315,3,6,2,150.00,10,270.00,150.00,120.00),
(17,'ORD-013',20240315,3,15,1,140.00,10,126.00,70.00,56.00),
(18,'ORD-014',20240401,1,4,1,799.00,10,719.10,400.00,319.10),
(19,'ORD-016',20240501,1,14,1,109.00,10,98.10,50.00,48.10),
(20,'ORD-017',20240510,3,15,2,140.00,10,252.00,140.00,112.00),
(21,'ORD-018',20240201,7,2,1,349.00,0,349.00,150.00,199.00),
(22,'ORD-019',20240205,8,3,1,999.00,10,899.10,650.00,249.10),
(23,'ORD-020',20240210,9,6,1,150.00,10,135.00,75.00,60.00),
(24,'ORD-020',20240210,9,5,1,89.00,0,89.00,35.00,54.00),
(25,'ORD-021',20240214,10,10,1,89.00,0,89.00,45.00,44.00),
(26,'ORD-022',20240220,11,15,3,140.00,10,378.00,210.00,168.00),
(27,'ORD-023',20240225,12,6,1,150.00,0,150.00,75.00,75.00),
(28,'ORD-024',20240301,7,1,1,1799.00,10,1619.10,1200.00,419.10),
(29,'ORD-025',20240310,8,6,2,89.00,0,178.00,150.00,28.00),
(30,'ORD-026',20240315,9,12,1,88.00,10,79.20,40.00,39.20),
(31,'ORD-027',20240320,10,8,2,109.00,0,218.00,100.00,118.00),
(32,'ORD-028',20240401,7,9,1,599.00,10,539.10,250.00,289.10),
(33,'ORD-029',20240415,8,15,2,140.00,10,252.00,140.00,112.00),
(34,'ORD-031',20240501,7,13,1,139.00,10,125.10,80.00,45.10),
(35,'ORD-032',20240515,8,15,2,140.00,0,280.00,140.00,140.00),
(36,'ORD-033',20240301,13,2,1,349.00,10,314.10,150.00,164.10),
(37,'ORD-034',20240305,14,6,2,150.00,0,300.00,150.00,150.00),
(38,'ORD-035',20240310,15,3,1,999.00,10,899.10,650.00,249.10),
(39,'ORD-036',20240315,16,2,1,349.00,10,314.10,150.00,164.10),
(40,'ORD-036',20240315,16,5,1,89.00,0,89.00,35.00,54.00),
(41,'ORD-037',20240320,17,12,1,88.00,0,88.00,40.00,48.00),
(42,'ORD-038',20240325,18,14,1,109.00,10,98.10,50.00,48.10),
(43,'ORD-038',20240325,18,11,1,18.00,0,18.00,8.00,10.00),
(44,'ORD-039',20240401,13,4,1,799.00,10,719.10,400.00,319.10),
(45,'ORD-040',20240410,14,14,2,109.00,0,218.00,100.00,118.00),
(46,'ORD-041',20240415,15,15,1,140.00,10,126.00,70.00,56.00),
(47,'ORD-043',20240501,13,14,1,109.00,0,109.00,50.00,59.00),
(48,'ORD-044',20240510,14,15,1,140.00,10,126.00,70.00,56.00),
(49,'ORD-045',20240515,15,6,2,150.00,10,270.00,150.00,120.00),
(50,'ORD-045',20240515,15,12,1,88.00,10,79.20,40.00,39.20),
(51,'ORD-046',20240401,19,1,1,1799.00,10,1619.10,1200.00,419.10),
(52,'ORD-047',20240405,20,6,1,150.00,0,150.00,75.00,75.00),
(53,'ORD-047',20240405,20,12,1,88.00,0,88.00,40.00,48.00),
(54,'ORD-048',20240410,21,2,1,349.00,10,314.10,150.00,164.10),
(55,'ORD-049',20240415,22,5,3,89.00,10,240.30,105.00,135.30),
(56,'ORD-050',20240420,23,3,1,999.00,10,899.10,650.00,249.10),
(57,'ORD-052',20240501,19,9,1,599.00,10,539.10,250.00,289.10),
(58,'ORD-053',20240510,20,6,2,89.00,0,178.00,150.00,28.00),
(59,'ORD-054',20240515,21,4,1,799.00,10,719.10,400.00,319.10),
(60,'ORD-055',20240520,22,14,2,109.00,0,218.00,100.00,118.00),
(61,'ORD-056',20240601,19,13,1,139.00,10,125.10,80.00,45.10),
(62,'ORD-057',20240610,20,12,2,88.00,10,158.40,80.00,78.40),
(63,'ORD-058',20240501,25,10,1,89.00,0,89.00,45.00,44.00),
(64,'ORD-059',20240505,26,15,2,140.00,10,252.00,140.00,112.00),
(65,'ORD-060',20240510,27,6,1,150.00,10,135.00,75.00,60.00),
(66,'ORD-061',20240515,28,2,1,349.00,0,349.00,150.00,199.00),
(67,'ORD-061',20240515,28,15,1,140.00,10,126.00,70.00,56.00),
(68,'ORD-062',20240520,29,11,1,18.00,0,18.00,8.00,10.00),
(69,'ORD-063',20240525,30,6,2,89.00,0,178.00,150.00,28.00),
(70,'ORD-064',20240601,25,14,1,109.00,10,98.10,50.00,48.10),
(71,'ORD-065',20240605,26,15,2,140.00,0,280.00,140.00,140.00),
(72,'ORD-066',20240610,27,3,1,999.00,10,899.10,650.00,249.10),
(73,'ORD-067',20240615,28,1,1,1799.00,10,1619.10,1200.00,419.10),
(74,'ORD-068',20240601,31,2,1,349.00,10,314.10,150.00,164.10),
(75,'ORD-069',20240605,32,6,2,150.00,0,300.00,150.00,150.00),
(76,'ORD-070',20240610,33,4,1,799.00,10,719.10,400.00,319.10),
(77,'ORD-071',20240615,34,7,1,179.00,10,161.10,80.00,81.10),
(78,'ORD-071',20240615,34,12,1,88.00,10,79.20,40.00,39.20),
(79,'ORD-072',20240620,35,10,1,89.00,0,89.00,45.00,44.00),
(80,'ORD-073',20240625,36,14,2,109.00,10,196.20,100.00,96.20),
(81,'ORD-073',20240625,36,11,1,18.00,0,18.00,8.00,10.00);

-- ── fact_events (funnel data) ─────────────────────────────────
INSERT INTO fact_events VALUES
-- Jan funnel: 36 signups, 30 activations, 24 add-to-cart, 18 checkout starts, 15 purchases
(1,20240105,1,'S001-A','pageview','2024-01-05',1),
(2,20240105,1,'S001-A','add_to_cart','2024-01-05',1),
(3,20240105,1,'S001-A','checkout_start','2024-01-05',1),
(4,20240105,1,'S001-A','purchase','2024-01-05',1),
(5,20240108,2,'S002-A','pageview','2024-01-08',2),
(6,20240108,2,'S002-A','add_to_cart','2024-01-08',2),
(7,20240108,2,'S002-A','checkout_start','2024-01-08',2),
(8,20240108,2,'S002-A','purchase','2024-01-08',2),
(9,20240112,3,'S003-A','pageview','2024-01-12',3),
(10,20240112,3,'S003-A','add_to_cart','2024-01-12',3),
(11,20240112,3,'S003-A','checkout_start','2024-01-12',3),
(12,20240112,3,'S003-A','purchase','2024-01-12',3),
(13,20240115,4,'S004-A','pageview','2024-01-15',1),
(14,20240115,4,'S004-A','add_to_cart','2024-01-15',1),
(15,20240115,4,'S004-A','checkout_start','2024-01-15',1),
(16,20240115,4,'S004-A','purchase','2024-01-15',1),
(17,20240120,5,'S005-A','pageview','2024-01-20',3),
(18,20240120,5,'S005-A','add_to_cart','2024-01-20',3),
(19,20240120,5,'S005-A','checkout_start','2024-01-20',3),
(20,20240120,5,'S005-A','purchase','2024-01-20',3),
-- Dropped at checkout (no purchase)
(21,20240108,7,'S007-A','pageview','2024-01-08',2),
(22,20240108,7,'S007-A','add_to_cart','2024-01-08',2),
(23,20240108,7,'S007-A','checkout_start','2024-01-08',2),
-- Dropped at add to cart
(24,20240110,8,'S008-A','pageview','2024-01-10',1),
(25,20240110,8,'S008-A','add_to_cart','2024-01-10',1),
-- Dropped at pageview
(26,20240112,9,'S009-A','pageview','2024-01-12',3),
(27,20240112,10,'S010-A','pageview','2024-01-12',2),
(28,20240115,11,'S011-A','pageview','2024-01-15',1),
(29,20240115,11,'S011-A','add_to_cart','2024-01-15',1),
(30,20240115,12,'S012-A','pageview','2024-01-15',3),
-- Feb funnel
(31,20240201,7,'S101-A','pageview','2024-02-01',2),
(32,20240201,7,'S101-A','add_to_cart','2024-02-01',2),
(33,20240201,7,'S101-A','checkout_start','2024-02-01',2),
(34,20240201,7,'S101-A','purchase','2024-02-01',2),
(35,20240205,8,'S102-A','pageview','2024-02-05',1),
(36,20240205,8,'S102-A','add_to_cart','2024-02-05',1),
(37,20240205,8,'S102-A','checkout_start','2024-02-05',1),
(38,20240205,8,'S102-A','purchase','2024-02-05',1),
(39,20240210,9,'S103-A','pageview','2024-02-10',3),
(40,20240210,9,'S103-A','add_to_cart','2024-02-10',3),
(41,20240210,9,'S103-A','checkout_start','2024-02-10',3),
(42,20240210,9,'S103-A','purchase','2024-02-10',3),
(43,20240214,13,'S104-A','pageview','2024-02-14',2),
(44,20240214,13,'S104-A','add_to_cart','2024-02-14',2),
(45,20240214,13,'S104-A','checkout_start','2024-02-14',2),
(46,20240220,14,'S105-A','pageview','2024-02-20',1),
(47,20240220,14,'S105-A','add_to_cart','2024-02-20',1),
(48,20240225,15,'S106-A','pageview','2024-02-25',3),
(49,20240225,16,'S107-A','pageview','2024-02-25',2),
(50,20240225,17,'S108-A','pageview','2024-02-25',6),
(51,20240225,17,'S108-A','add_to_cart','2024-02-25',6),
(52,20240225,17,'S108-A','checkout_start','2024-02-25',6),
(53,20240225,17,'S108-A','purchase','2024-02-25',6);
