-- ============================================================
-- SAMPLE DATA — PostgreSQL version

-- ── dim_date ─────────────────────────────────────────────────
INSERT INTO dim_date VALUES
(20240101,'2024-01-01',2024,1,1,'January',1,1,'Monday',FALSE,TRUE),
(20240105,'2024-01-05',2024,1,1,'January',1,5,'Friday',FALSE,FALSE),
(20240108,'2024-01-08',2024,1,1,'January',2,1,'Monday',FALSE,FALSE),
(20240112,'2024-01-12',2024,1,1,'January',2,5,'Friday',FALSE,FALSE),
(20240115,'2024-01-15',2024,1,1,'January',3,1,'Monday',FALSE,FALSE),
(20240120,'2024-01-20',2024,1,1,'January',3,6,'Saturday',TRUE,FALSE),
(20240125,'2024-01-25',2024,1,1,'January',4,4,'Thursday',FALSE,FALSE),
(20240201,'2024-02-01',2024,1,2,'February',5,4,'Thursday',FALSE,FALSE),
(20240205,'2024-02-05',2024,1,2,'February',6,1,'Monday',FALSE,FALSE),
(20240210,'2024-02-10',2024,1,2,'February',6,6,'Saturday',TRUE,FALSE),
(20240214,'2024-02-14',2024,1,2,'February',7,3,'Wednesday',FALSE,FALSE),
(20240220,'2024-02-20',2024,1,2,'February',8,2,'Tuesday',FALSE,FALSE),
(20240225,'2024-02-25',2024,1,2,'February',8,0,'Sunday',TRUE,FALSE),
(20240301,'2024-03-01',2024,1,3,'March',9,5,'Friday',FALSE,FALSE),
(20240305,'2024-03-05',2024,1,3,'March',10,2,'Tuesday',FALSE,FALSE),
(20240310,'2024-03-10',2024,1,3,'March',10,0,'Sunday',TRUE,FALSE),
(20240315,'2024-03-15',2024,1,3,'March',11,5,'Friday',FALSE,FALSE),
(20240320,'2024-03-20',2024,1,3,'March',12,3,'Wednesday',FALSE,FALSE),
(20240325,'2024-03-25',2024,1,3,'March',13,1,'Monday',FALSE,FALSE),
(20240401,'2024-04-01',2024,2,4,'April',14,1,'Monday',FALSE,FALSE),
(20240405,'2024-04-05',2024,2,4,'April',14,5,'Friday',FALSE,FALSE),
(20240410,'2024-04-10',2024,2,4,'April',15,3,'Wednesday',FALSE,FALSE),
(20240415,'2024-04-15',2024,2,4,'April',16,1,'Monday',FALSE,FALSE),
(20240420,'2024-04-20',2024,2,4,'April',16,6,'Saturday',TRUE,FALSE),
(20240425,'2024-04-25',2024,2,4,'April',17,4,'Thursday',FALSE,FALSE),
(20240501,'2024-05-01',2024,2,5,'May',18,3,'Wednesday',FALSE,FALSE),
(20240505,'2024-05-05',2024,2,5,'May',18,0,'Sunday',TRUE,FALSE),
(20240510,'2024-05-10',2024,2,5,'May',19,5,'Friday',FALSE,FALSE),
(20240515,'2024-05-15',2024,2,5,'May',20,3,'Wednesday',FALSE,FALSE),
(20240520,'2024-05-20',2024,2,5,'May',21,1,'Monday',FALSE,FALSE),
(20240525,'2024-05-25',2024,2,5,'May',21,6,'Saturday',TRUE,FALSE),
(20240601,'2024-06-01',2024,2,6,'June',22,6,'Saturday',TRUE,FALSE),
(20240605,'2024-06-05',2024,2,6,'June',23,3,'Wednesday',FALSE,FALSE),
(20240610,'2024-06-10',2024,2,6,'June',24,1,'Monday',FALSE,FALSE),
(20240615,'2024-06-15',2024,2,6,'June',24,6,'Saturday',TRUE,FALSE),
(20240620,'2024-06-20',2024,2,6,'June',25,4,'Thursday',FALSE,FALSE),
(20240625,'2024-06-25',2024,2,6,'June',26,2,'Tuesday',FALSE,FALSE);

-- ── dim_channel ───────────────────────────────────────────────
-- Override SERIAL with explicit values so FK references match
INSERT INTO dim_channel (channel_key,channel_name,channel_type) OVERRIDING SYSTEM VALUE VALUES
(1,'organic_search','organic'),
(2,'paid_search','paid'),
(3,'social_media','paid'),
(4,'email_campaign','owned'),
(5,'mobile_app','owned'),
(6,'referral','organic');
-- Reset the sequence so next auto-generated key is correct
SELECT setval('dim_channel_channel_key_seq', 6);

-- ── dim_customer ──────────────────────────────────────────────
-- Override SERIAL for explicit customer_key values (needed for FK refs in fact tables)
INSERT INTO dim_customer
  (customer_key,customer_id,first_name,last_name,email,country,city,age_band,acquisition_channel,effective_date,expiry_date,is_current)
OVERRIDING SYSTEM VALUE VALUES
(1,'C001','Alice','Morgan','alice.morgan@email.com','USA','New York','25-34','organic','2024-01-05',NULL,TRUE),
(2,'C002','Bob','Chen','bob.chen@email.com','UK','London','35-44','paid_search','2024-01-08',NULL,TRUE),
(3,'C003','Carol','Santos','carol.santos@email.com','USA','Chicago','25-34','social','2024-01-10',NULL,TRUE),
(4,'C004','Dave','Patel','dave.patel@email.com','Canada','Toronto','45-54','organic','2024-01-12',NULL,TRUE),
(5,'C005','Eve','Kim','eve.kim@email.com','USA','Los Angeles','18-24','social','2024-01-15',NULL,TRUE),
(6,'C006','Frank','Liu','frank.liu@email.com','Australia','Sydney','35-44','referral','2024-01-20',NULL,TRUE),
(7,'C007','Grace','Osei','grace.osei@email.com','UK','Manchester','25-34','paid_search','2024-02-01',NULL,TRUE),
(8,'C008','Hank','Müller','hank.muller@email.com','Germany','Berlin','35-44','organic','2024-02-05',NULL,TRUE),
(9,'C009','Iris','Nakamura','iris.nakamura@email.com','Japan','Tokyo','25-34','social','2024-02-10',NULL,TRUE),
(10,'C010','Jack','Williams','jack.williams@email.com','USA','Houston','45-54','email','2024-02-14',NULL,TRUE),
(11,'C011','Kate','Brown','kate.brown@email.com','USA','Phoenix','18-24','organic','2024-02-20',NULL,TRUE),
(12,'C012','Leo','Fernandez','leo.fernandez@email.com','Brazil','São Paulo','25-34','referral','2024-02-25',NULL,TRUE),
(13,'C013','Mia','Johansson','mia.johansson@email.com','Sweden','Stockholm','35-44','paid_search','2024-03-01',NULL,TRUE),
(14,'C014','Noah','Garcia','noah.garcia@email.com','USA','San Antonio','25-34','organic','2024-03-05',NULL,TRUE),
(15,'C015','Olivia','Park','olivia.park@email.com','South Korea','Seoul','18-24','social','2024-03-10',NULL,TRUE),
(16,'C016','Pete','Ahmed','pete.ahmed@email.com','UAE','Dubai','45-54','paid_search','2024-03-15',NULL,TRUE),
(17,'C017','Quinn','Russo','quinn.russo@email.com','Italy','Milan','35-44','referral','2024-03-20',NULL,TRUE),
(18,'C018','Rosa','Dubois','rosa.dubois@email.com','France','Paris','25-34','email','2024-03-25',NULL,TRUE),
(19,'C019','Sam','Wilson','sam.wilson@email.com','USA','Philadelphia','35-44','organic','2024-04-01',NULL,TRUE),
(20,'C020','Tina','Nguyen','tina.nguyen@email.com','Vietnam','Hanoi','25-34','social','2024-04-05',NULL,TRUE),
(21,'C021','Uma','Svensson','uma.svensson@email.com','Sweden','Gothenburg','45-54','paid_search','2024-04-10',NULL,TRUE),
(22,'C022','Victor','Costa','victor.costa@email.com','Portugal','Lisbon','35-44','referral','2024-04-15',NULL,TRUE),
(23,'C023','Wendy','Zhang','wendy.zhang@email.com','China','Shanghai','25-34','paid_search','2024-04-20',NULL,TRUE),
(24,'C024','Xander','Ibrahim','xander.ibrahim@email.com','Egypt','Cairo','18-24','organic','2024-04-25',NULL,TRUE),
(25,'C025','Yara','Petrov','yara.petrov@email.com','Russia','Moscow','35-44','email','2024-05-01',NULL,TRUE),
(26,'C026','Zoe','Andersen','zoe.andersen@email.com','Denmark','Copenhagen','25-34','organic','2024-05-05',NULL,TRUE),
(27,'C027','Aaron','Singh','aaron.singh@email.com','India','Mumbai','25-34','social','2024-05-10',NULL,TRUE),
(28,'C028','Beth','Taylor','beth.taylor@email.com','UK','Birmingham','45-54','paid_search','2024-05-15',NULL,TRUE),
(29,'C029','Chris','Martin','chris.martin@email.com','USA','San Diego','18-24','referral','2024-05-20',NULL,TRUE),
(30,'C030','Diana','Kowalski','diana.kowalski@email.com','Poland','Warsaw','35-44','organic','2024-05-25',NULL,TRUE),
(31,'C031','Ethan','Rossi','ethan.rossi@email.com','Italy','Rome','25-34','paid_search','2024-06-01',NULL,TRUE),
(32,'C032','Fiona','Chang','fiona.chang@email.com','Taiwan','Taipei','25-34','social','2024-06-05',NULL,TRUE),
(33,'C033','George','Hassan','george.hassan@email.com','Morocco','Casablanca','35-44','organic','2024-06-10',NULL,TRUE),
(34,'C034','Hannah','Lee','hannah.lee@email.com','USA','Seattle','18-24','email','2024-06-15',NULL,TRUE),
(35,'C035','Ivan','Popescu','ivan.popescu@email.com','Romania','Bucharest','45-54','referral','2024-06-20',NULL,TRUE),
(36,'C036','Julia','Yamamoto','julia.yamamoto@email.com','Japan','Osaka','25-34','organic','2024-06-25',NULL,TRUE),
-- SCD2 historical version of Alice
(101,'C001','Alice','Morgan','alice.morgan@email.com','USA','New York','25-34','organic','2024-01-05','2024-04-01',FALSE);
SELECT setval('dim_customer_customer_key_seq', 101);

-- ── dim_product ───────────────────────────────────────────────
INSERT INTO dim_product
  (product_key,product_id,product_name,category,subcategory,brand,cost_price,list_price,is_active)
OVERRIDING SYSTEM VALUE VALUES
(1,'P001','MacBook Pro 14"','Electronics','Laptops','Apple',1200,1799,TRUE),
(2,'P002','Sony WH-1000XM5','Electronics','Headphones','Sony',150,349,TRUE),
(3,'P003','iPhone 15','Electronics','Phones','Apple',650,999,TRUE),
(4,'P004','Samsung 4K TV 55"','Electronics','TVs','Samsung',400,799,TRUE),
(5,'P005','Levi 501 Jeans','Clothing','Bottoms','Levi',35,89,TRUE),
(6,'P006','Nike Air Max 270','Clothing','Shoes','Nike',75,150,TRUE),
(7,'P007','Patagonia Fleece','Clothing','Tops','Patagonia',80,179,TRUE),
(8,'P008','Instant Pot 7-in-1','Home','Kitchen','Instant Pot',60,99,TRUE),
(9,'P009','Dyson V15 Vacuum','Home','Cleaning','Dyson',250,599,TRUE),
(10,'P010','LEGO Technic Set','Toys','Building','LEGO',45,89,TRUE),
(11,'P011','Atomic Habits','Books','Non-Fiction','Penguin',8,18,TRUE),
(12,'P012','Yoga Mat Pro','Sports','Yoga','Manduka',40,88,TRUE),
(13,'P013','Kindle Paperwhite','Electronics','E-Readers','Amazon',80,139,TRUE),
(14,'P014','Air Fryer XL','Home','Kitchen','Ninja',50,109,TRUE),
(15,'P015','Running Shoes GT','Sports','Running','Asics',70,140,TRUE);
SELECT setval('dim_product_product_key_seq', 15);

-- ── fact_orders ───────────────────────────────────────────────
INSERT INTO fact_orders
  (order_key,order_id,date_key,customer_key,channel_key,order_status,item_count,gross_revenue,discount_amount,net_revenue,shipping_cost,is_first_order)
OVERRIDING SYSTEM VALUE VALUES
(1,'ORD-001',20240105,1,1,'completed',2,349.00,34.90,314.10,9.99,TRUE),
(2,'ORD-002',20240108,2,2,'completed',1,1799.00,0,1799.00,0,TRUE),
(3,'ORD-003',20240112,3,3,'completed',3,356.00,35.60,320.40,9.99,TRUE),
(4,'ORD-004',20240115,4,1,'completed',1,99.00,0,99.00,5.99,TRUE),
(5,'ORD-005',20240120,5,3,'completed',2,239.00,23.90,215.10,9.99,TRUE),
(6,'ORD-006',20240125,6,6,'completed',1,18.00,0,18.00,3.99,TRUE),
(7,'ORD-007',20240201,1,4,'completed',1,139.00,0,139.00,0,FALSE),
(8,'ORD-008',20240205,2,2,'completed',2,438.00,43.80,394.20,0,FALSE),
(9,'ORD-009',20240210,3,1,'completed',1,150.00,15.00,135.00,5.99,FALSE),
(10,'ORD-010',20240214,5,3,'refunded',1,88.00,0,88.00,0,FALSE),
(11,'ORD-011',20240301,1,4,'completed',2,207.00,20.70,186.30,0,FALSE),
(12,'ORD-012',20240305,2,2,'completed',1,599.00,59.90,539.10,0,FALSE),
(13,'ORD-013',20240315,3,1,'completed',3,447.00,44.70,402.30,9.99,FALSE),
(14,'ORD-014',20240401,1,4,'completed',1,799.00,79.90,719.10,0,FALSE),
(15,'ORD-015',20240410,2,2,'cancelled',2,698.00,0,698.00,0,FALSE),
(16,'ORD-016',20240501,1,4,'completed',1,109.00,10.90,98.10,0,FALSE),
(17,'ORD-017',20240510,3,1,'completed',2,280.00,28.00,252.00,9.99,FALSE),
(18,'ORD-018',20240201,7,2,'completed',2,349.00,0,349.00,9.99,TRUE),
(19,'ORD-019',20240205,8,1,'completed',1,999.00,99.90,899.10,0,TRUE),
(20,'ORD-020',20240210,9,3,'completed',2,178.00,17.80,160.20,5.99,TRUE),
(21,'ORD-021',20240214,10,4,'completed',1,89.00,0,89.00,3.99,TRUE),
(22,'ORD-022',20240220,11,3,'completed',3,447.00,44.70,402.30,9.99,TRUE),
(23,'ORD-023',20240225,12,6,'completed',1,150.00,0,150.00,5.99,TRUE),
(24,'ORD-024',20240301,7,2,'completed',1,1799.00,179.90,1619.10,0,FALSE),
(25,'ORD-025',20240310,8,1,'completed',2,178.00,0,178.00,9.99,FALSE),
(26,'ORD-026',20240315,9,3,'completed',1,88.00,8.80,79.20,0,FALSE),
(27,'ORD-027',20240320,10,4,'completed',2,218.00,0,218.00,0,FALSE),
(28,'ORD-028',20240401,7,2,'completed',1,599.00,59.90,539.10,0,FALSE),
(29,'ORD-029',20240415,8,1,'completed',2,360.00,36.00,324.00,0,FALSE),
(30,'ORD-030',20240420,9,3,'refunded',1,150.00,0,150.00,0,FALSE),
(31,'ORD-031',20240501,7,4,'completed',1,139.00,13.90,125.10,0,FALSE),
(32,'ORD-032',20240515,8,1,'completed',2,397.00,0,397.00,0,FALSE),
(33,'ORD-033',20240301,13,2,'completed',1,349.00,34.90,314.10,9.99,TRUE),
(34,'ORD-034',20240305,14,1,'completed',2,356.00,0,356.00,9.99,TRUE),
(35,'ORD-035',20240310,15,3,'completed',1,999.00,99.90,899.10,0,TRUE),
(36,'ORD-036',20240315,16,2,'completed',3,537.00,53.70,483.30,9.99,TRUE),
(37,'ORD-037',20240320,17,6,'completed',1,88.00,0,88.00,3.99,TRUE),
(38,'ORD-038',20240325,18,4,'completed',2,198.00,19.80,178.20,0,TRUE),
(39,'ORD-039',20240401,13,2,'completed',1,799.00,79.90,719.10,0,FALSE),
(40,'ORD-040',20240410,14,1,'completed',2,298.00,0,298.00,9.99,FALSE),
(41,'ORD-041',20240415,15,3,'completed',1,140.00,14.00,126.00,0,FALSE),
(42,'ORD-042',20240420,16,2,'cancelled',2,698.00,0,698.00,0,FALSE),
(43,'ORD-043',20240501,13,4,'completed',1,109.00,0,109.00,0,FALSE),
(44,'ORD-044',20240510,14,1,'completed',1,140.00,14.00,126.00,0,FALSE),
(45,'ORD-045',20240515,15,3,'completed',2,330.00,33.00,297.00,9.99,FALSE),
(46,'ORD-046',20240401,19,1,'completed',1,1799.00,179.90,1619.10,0,TRUE),
(47,'ORD-047',20240405,20,3,'completed',2,239.00,0,239.00,9.99,TRUE),
(48,'ORD-048',20240410,21,2,'completed',1,349.00,34.90,314.10,9.99,TRUE),
(49,'ORD-049',20240415,22,6,'completed',3,267.00,26.70,240.30,9.99,TRUE),
(50,'ORD-050',20240420,23,2,'completed',2,690.00,69.00,621.00,0,TRUE),
(51,'ORD-051',20240425,24,1,'completed',1,99.00,0,99.00,5.99,TRUE),
(52,'ORD-052',20240501,19,4,'completed',1,599.00,59.90,539.10,0,FALSE),
(53,'ORD-053',20240510,20,3,'completed',2,178.00,0,178.00,9.99,FALSE),
(54,'ORD-054',20240515,21,2,'completed',1,799.00,79.90,719.10,0,FALSE),
(55,'ORD-055',20240520,22,6,'completed',2,306.00,0,306.00,9.99,FALSE),
(56,'ORD-056',20240601,19,4,'completed',1,139.00,13.90,125.10,0,FALSE),
(57,'ORD-057',20240610,20,3,'completed',2,240.00,24.00,216.00,0,FALSE),
(58,'ORD-058',20240501,25,4,'completed',1,89.00,0,89.00,3.99,TRUE),
(59,'ORD-059',20240505,26,1,'completed',2,280.00,28.00,252.00,9.99,TRUE),
(60,'ORD-060',20240510,27,3,'completed',1,150.00,15.00,135.00,5.99,TRUE),
(61,'ORD-061',20240515,28,2,'completed',3,417.00,0,417.00,9.99,TRUE),
(62,'ORD-062',20240520,29,6,'completed',1,18.00,0,18.00,3.99,TRUE),
(63,'ORD-063',20240525,30,1,'refunded',2,178.00,0,178.00,9.99,TRUE),
(64,'ORD-064',20240601,25,4,'completed',1,109.00,10.90,98.10,0,FALSE),
(65,'ORD-065',20240605,26,1,'completed',2,360.00,0,360.00,0,FALSE),
(66,'ORD-066',20240610,27,3,'completed',1,999.00,99.90,899.10,0,FALSE),
(67,'ORD-067',20240615,28,2,'completed',2,698.00,69.80,628.20,0,FALSE),
(68,'ORD-068',20240601,31,2,'completed',1,349.00,34.90,314.10,9.99,TRUE),
(69,'ORD-069',20240605,32,3,'completed',2,239.00,0,239.00,9.99,TRUE),
(70,'ORD-070',20240610,33,1,'completed',1,799.00,79.90,719.10,0,TRUE),
(71,'ORD-071',20240615,34,4,'completed',3,327.00,32.70,294.30,9.99,TRUE),
(72,'ORD-072',20240620,35,6,'completed',1,89.00,0,89.00,3.99,TRUE),
(73,'ORD-073',20240625,36,1,'completed',2,338.00,33.80,304.20,9.99,TRUE);
SELECT setval('fact_orders_order_key_seq', 73);
